ACCIDENT_YEAR,COLLISION_DATE,COLLISION_TIME,MONTH,SEASON,24HOURS,DAY_OF_WEEK,INTERSECTION,WEATHER_1,STATE_HWY_IND,ROAD_SURFACE,ROAD_COND_1,LIGHTING,STWD_VEHTYPE_AT_FAULT,CHP_VEHTYPE_AT_FAULT,DIRECTION,PCF_VIOL_CATEGORY,TYPE_OF_COLLISION,PEDESTRIAN_ACCIDENT,BICYCLE_ACCIDENT,MOTORCYCLE_ACCIDENT,TRUCK_ACCIDENT,MVIW,TOW_AWAY,HIT_AND_RUN,CONTROL_DEVICE,NUMBER_INJURED,COUNT_PED_INJURED,COUNT_BICYCLIST_INJURED,COUNT_MC_INJURED,PCF_VIOLATION,PARTY_COUNT,POINT_Y,POINT_X,COLLISION_SEVERITY
2011,2011/1/17,845,1,4,8,1,N,A,Y,C,H,A,D,22,E,17,E,,,,,J,Y,N,A,1,0,0,0,21662,1,38.77702775,-119.8834837,2
2011,2011/1/15,815,1,4,8,6,N,A,Y,C,H,A,D,22,E,3,E,,,,,I,Y,N,D,4,0,0,0,22350,1,38.69435444,-119.9964474,3
2011,2011/2/5,1430,2,4,14,6,N,A,N,A,H,A,A,1,E,9,F,,,Y,,A,N,N,D,1,0,0,1,21801,2,38.78734,-119.81536,3
2011,2011/2/1,950,2,4,9,2,N,A,Y,C,H,A,D,23,E,17,D,,,,,C,Y,N,D,1,0,0,0,21662,2,38.70046368,-120.0216731,4
2011,2011/2/1,1430,2,4,14,2,N,A,Y,C,H,A,D,22,E,17,E,,,,,J,Y,N,D,1,0,0,0,21662,1,38.70017677,-120.0313567,3
2011,2011/2/19,1730,2,4,17,6,N,A,Y,C,H,D,A,1,E,17,A,,,,,A,Y,N,D,2,0,0,0,21662,2,38.70624524,-120.0409429,3
2011,2011/3/26,1145,3,1,11,6,N,D,Y,C,H,A,D,22,E,3,G,Y,,,,B,N,N,A,1,1,0,0,22350,3,38.698346,-120.0116559,4
2011,2011/3/3,1400,3,1,14,4,N,A,Y,A,H,A,A,1,N,8,F,,,,,A,Y,N,D,1,0,0,0,22107,1,38.67357903,-119.7338087,4
2011,2011/5/5,2335,5,1,23,4,N,A,N,A,H,D,A,7,S,3,E,,,,,I,Y,M,D,1,0,0,0,22350,3,38.68701743,-119.8016643,2
2011,2011/5/18,2245,5,1,22,3,N,B,Y,B,H,D,A,7,W,1,F,,,,,A,Y,N,D,1,0,0,0,23152,1,38.76436511,-119.8606031,3
2011,2011/5/13,615,5,1,6,5,N,A,N,A,H,A,A,1,S,8,E,,,,,I,Y,N,D,1,0,0,0,22107,1,38.76809461,-119.8142492,3
2011,2011/5/17,800,5,1,8,2,N,B,Y,C,H,A,A,1,W,3,A,,,,Y,C,Y,N,D,1,0,0,0,22350,3,38.69590547,-120.0004869,4
2011,2011/6/29,2500,6,2,25,3,N,A,Y,A,H,A,C,2,N,17,F,,,Y,,A,Y,N,D,0,0,0,0,21652,1,38.66266733,-119.6877961,1
2011,2011/7/16,1559,7,2,15,6,N,A,Y,A,H,A,C,2,W,3,E,,,Y,,I,Y,N,D,0,0,0,0,22350,1,38.69934383,-120.0266793,1
2011,2011/5/24,1505,5,1,15,2,N,A,N,A,H,A,L,4,N,8,B,,Y,,,G,N,N,D,1,0,1,0,22107,2,38.83004379,-119.7878122,3
2011,2011/6/11,1450,6,2,14,6,N,A,Y,A,H,A,A,8,S,17,E,,,,,I,Y,N,D,2,0,0,0,21662,1,38.77292631,-119.8188317,3
2011,2011/6/26,1410,6,2,14,7,N,A,Y,A,H,A,C,2,E,17,F,,,Y,,A,Y,N,A,1,0,0,1,21662,1,38.58948143,-119.7855914,3
2011,2011/6/25,1040,6,2,10,6,N,A,Y,A,B,A,C,2,W,17,F,,,Y,,I,Y,N,D,1,0,0,1,21662,1,38.54359948,-119.816479,4
2011,2011/7/2,951,7,2,9,6,N,A,Y,A,H,A,D,22,W,1,E,,,,,I,Y,N,D,2,0,0,0,23152,1,38.61733526,-119.7518328,3
2011,2011/7/16,1655,7,2,16,6,N,A,Y,A,H,A,A,1,E,1,B,,,,,C,Y,N,D,1,0,0,0,23152,2,38.7770182,-119.893903,3
2011,2011/7/13,1145,7,2,11,3,N,A,N,A,H,A,A,7,S,8,E,,,,,J,Y,N,D,1,0,0,0,22107,1,38.66354695,-119.918907,4
2011,2011/7/13,1545,7,2,15,3,N,A,Y,A,H,A,A,1,E,3,E,,,,,I,Y,N,D,1,0,0,0,22350,1,38.69980542,-120.0299215,3
2011,2011/7/16,1120,7,2,11,6,N,A,N,A,H,A,-,- ,S,18,E,,Y,,,J,N,N,D,1,0,1,0,,1,38.69923,-119.96609,3
2011,2011/8/20,1230,8,2,12,6,N,A,Y,A,H,A,C,2,W,3,E,,,Y,,I,Y,N,D,1,0,0,1,22350,1,38.65661598,-119.7245477,3
2011,2011/8/6,1550,8,2,15,6,N,A,N,A,H,A,A,1,N,1,E,,,,,I,Y,M,D,1,0,0,0,23152,1,38.69923,-119.96609,2
2011,2011/7/28,1900,7,2,19,4,N,A,Y,A,H,A,-,- ,W,18,H,,,Y,,H,Y,N,D,1,0,0,1,,1,38.70281592,-119.9826022,3
2011,2011/7/26,1315,7,2,13,2,N,A,Y,A,H,A,C,2,N,17,F,,,Y,,A,Y,N,D,1,0,0,1,21662,1,38.66256249,-119.6876671,3
2011,2011/8/2,2040,8,2,20,2,N,A,Y,A,H,D,-,- ,W,18,E,,,,,H,Y,N,D,1,0,0,0,,1,38.80437562,-119.7827804,3
2011,2011/8/29,2230,8,2,22,1,N,A,Y,A,H,D,D,22,W,8,F,,,,,A,Y,N,A,1,0,0,0,22107,1,38.63041072,-119.7235803,3
2011,2011/9/20,1650,9,3,16,2,N,A,Y,A,H,A,C,2,W,22,F,,,Y,,A,N,N,D,2,0,0,2,,1,38.52267006,-119.9026006,2
2011,2011/10/11,1550,10,3,15,2,N,A,Y,A,H,A,G,25,W,3,F,,,,Y,A,Y,N,D,1,0,0,0,22350,1,38.77558762,-119.823856,3
2011,2011/9/3,1030,9,3,10,6,N,A,Y,A,H,A,C,2,E,3,F,,,Y,,A,N,N,D,1,0,0,1,22350,1,38.48114267,-120.0162038,2
2011,2011/9/23,1515,9,3,15,5,N,A,Y,A,B,A,-,- ,E,18,F,,,Y,,A,N,N,D,1,0,0,1,,1,38.48875004,-119.9850426,3
2011,2011/10/12,1240,10,3,12,3,N,A,Y,A,B,A,C,2,S,8,F,,,Y,,A,Y,N,D,1,0,0,1,22107,1,38.66436242,-119.6397678,4
2011,2011/10/30,1530,10,3,15,7,N,A,Y,A,H,A,C,2,W,17,F,,,Y,,A,Y,N,D,1,0,0,1,21662,1,38.61733526,-119.7518328,3
2011,2011/11/3,2500,11,3,25,4,N,-,Y,A,H,A,D,23,W,17,E,,,,,I,Y,N,D,1,0,0,0,21662,1,38.61847526,-119.7491818,3
2011,2011/11/4,240,11,3,2,5,N,B,Y,C,G,D,A,1,W,3,E,,,,,J,Y,N,A,2,0,0,0,22350,2,38.70003336,-119.9666995,3
2012,2012/1/23,800,1,4,8,1,N,D,Y,C,H,A,D,22,E,17,E,,,,,I,Y,N,A,1,0,0,0,21662,1,38.76722526,-119.8451829,4
2012,2012/1/14,1925,1,4,19,6,N,A,N,A,A,A,A,7,N,1,H,,,,,A,N,N,D,1,0,0,0,23152,1,38.69060776,-120.0743741,3
2012,2012/4/19,1555,4,1,15,4,N,A,Y,A,H,A,C,2,S,5,F,,,Y,,A,Y,N,D,0,0,0,0,21460,2,38.66878228,-119.6492563,1
2012,2012/3/6,1815,3,1,18,2,N,D,Y,C,H,D,A,7,E,17,E,,,,,I,Y,N,A,1,0,0,0,21662,1,38.69500469,-119.9891477,3
2012,2012/4/13,1615,4,1,16,5,N,B,Y,C,H,A,A,7,N,3,C,,,,,C,Y,N,A,2,0,0,0,22350,2,38.4899793,-120.0226268,4
2012,2012/4/18,1700,4,1,17,3,N,A,Y,A,H,A,A,7,E,1,E,,,,,I,Y,N,D,1,0,0,0,23152,1,38.69456191,-119.9957382,3
2012,2012/4/14,659,4,1,6,6,N,D,Y,C,G,B,A,7,W,17,E,,,,,I,Y,N,A,1,0,0,0,21662,1,38.70624524,-120.0409429,4
2012,2012/6/2,1035,6,2,10,6,N,A,Y,A,H,A,A,1,E,5,E,,,,,I,Y,N,D,1,0,0,0,21650,1,38.46196637,-120.0348483,3
2012,2012/6/5,1635,6,2,16,2,N,A,Y,A,H,A,C,2,N,3,F,,,Y,,A,Y,N,D,1,0,0,1,22350,1,38.66356068,-119.6665468,3
2012,2012/6/4,1700,6,2,17,1,N,D,Y,C,H,A,D,22,E,3,F,,,,,A,Y,N,D,1,0,0,0,22350,1,38.69435444,-119.9964474,3
2012,2012/6/16,1105,6,2,11,6,N,A,Y,A,H,A,C,2,E,3,E,,,Y,,I,N,N,D,2,0,0,2,22350,1,38.70265913,-120.0721806,2
2012,2012/7/8,1350,7,2,13,7,N,A,Y,A,H,A,A,7,S,9,F,,,Y,,A,Y,N,D,1,0,0,1,21804,2,38.67630326,-119.6201655,2
2012,2012/9/15,1900,9,3,19,6,N,A,Y,A,H,B,C,2,W,3,F,,,Y,,A,Y,N,D,2,0,0,2,22350,1,38.58973752,-119.7906138,2
2012,2012/8/10,2043,8,2,20,5,N,A,Y,A,H,A,C,2,W,3,E,,,Y,,I,Y,N,D,1,0,0,1,22350,1,38.70302178,-120.0701518,2
2012,2012/8/9,1910,8,2,19,4,N,A,Y,A,H,A,B,1,N,8,E,,,,,I,Y,N,D,8,0,0,0,22107,1,38.6779043,-119.7397779,3
2012,2012/8/4,1415,8,2,14,6,N,A,Y,A,H,A,C,2,W,17,F,,,Y,,A,Y,N,D,1,0,0,1,21662,1,38.58349557,-119.7892218,3
2012,2012/8/19,1410,8,2,14,7,N,A,Y,A,H,A,A,1,E,17,F,,,Y,,A,Y,N,D,2,0,0,2,21662,2,38.50522833,-119.9479917,3
2012,2012/9/22,1110,9,3,11,6,N,A,Y,A,H,A,D,22,E,8,E,,,,,I,Y,N,D,1,0,0,0,22107,1,38.63400541,-119.7233199,4
2012,2012/11/8,811,11,3,8,4,N,B,Y,C,H,A,A,7,W,3,E,,,,,I,Y,N,A,2,0,0,0,22350,1,38.70029061,-120.0319528,2
2012,2012/10/13,2055,10,3,20,6,N,A,Y,A,E,D,A,1,E,5,E,,,,,I,Y,N,D,1,0,0,0,21650,1,38.52912014,-119.8990291,3
2012,2012/9/15,1255,9,3,12,6,N,A,Y,A,H,A,C,2,S,8,E,,,Y,,I,Y,N,D,1,0,0,1,22107,1,38.6722654,-119.7327036,2
2012,2012/12/6,1114,12,4,11,4,N,A,Y,C,H,A,D,22,E,17,D,,,,,C,Y,N,D,1,0,0,0,21662,2,38.77582622,-119.8974873,4
2012,2012/12/6,1105,12,4,11,4,N,A,Y,C,H,A,D,22,E,17,F,,,,,A,Y,N,A,2,0,0,0,21662,1,38.77584627,-119.8976707,2
2013,2013/1/25,800,1,4,8,5,N,B,Y,C,H,A,D,22,N,17,F,,,,,J,Y,N,D,1,0,0,0,21662,1,38.7874679,-119.9452779,4
2013,2013/4/15,1645,4,1,16,1,N,D,Y,C,H,A,D,22,E,3,E,,,,,I,Y,N,A,0,0,0,0,22350,1,38.703645,-120.0564625,1
2013,2013/3/8,1650,3,1,16,5,N,D,Y,C,G,B,-,- ,E,22,G,,,,,C,Y,N,A,1,0,0,0,,3,38.6998787,-120.0301559,3
2013,2013/1/25,720,1,4,7,5,N,B,Y,C,H,A,A,7,W,17,F,,,,,A,Y,N,D,1,0,0,0,21662,1,38.8085779,-119.7793787,4
2012,2012/12/18,2015,12,4,20,2,N,A,Y,C,H,D,A,7,W,8,E,,,,,I,Y,N,D,1,0,0,0,22107,1,38.80437562,-119.7827804,3
2012,2012/12/18,1045,12,4,10,2,N,B,N,C,H,A,A,7,E,3,E,,,,,I,Y,N,D,1,0,0,0,22350,1,38.79853534,-119.74347,4
2013,2013/1/12,1530,1,4,15,6,N,A,Y,B,H,A,A,1,E,1,E,,,,,I,Y,N,A,1,0,0,0,23152,1,38.7656067,-119.8482725,4
2013,2013/4/4,2130,4,1,21,4,N,C,Y,C,H,D,A,1,E,3,E,,,,,I,Y,N,D,1,0,0,0,22350,1,38.698346,-120.0116559,4
2013,2013/4/21,1600,4,1,16,7,N,A,Y,A,H,A,A,1,N,3,E,,,,,I,Y,N,D,1,0,0,0,22350,1,38.6624849,-119.665988,4
2013,2013/4/25,1715,4,1,17,4,N,A,Y,A,H,A,-,- ,N,18,H,,,Y,,H,Y,N,D,1,0,0,1,,1,38.7624391,-119.8153855,2
2013,2013/5/21,930,5,1,9,2,Y,A,Y,A,H,A,D,22,,3,C,,,,,C,N,N,D,1,0,0,0,22350,2,38.7756153,-119.8238129,4
2013,2013/5/4,2500,5,1,25,6,N,A,N,A,A,D,A,7,N,8,E,,,,,I,N,N,D,1,0,0,0,22107,1,38.80892,-119.7502358,4
2013,2013/5/16,1120,5,1,11,4,N,C,Y,B,H,A,A,1,W,8,E,,,,,I,Y,N,D,1,0,0,0,22107,1,38.6939965,-119.9882563,4
2013,2013/6/15,1400,6,2,14,6,N,A,Y,A,H,A,L,4,E,17,F,,Y,,,A,N,N,D,1,0,1,0,21662,1,38.5580367,-119.8080655,3
2013,2013/6/5,445,6,2,4,3,N,A,Y,A,H,D,A,7,E,8,F,,,,,A,Y,N,D,1,0,0,0,22107,1,38.780953,-119.8210551,2
2013,2013/5/25,1412,5,1,14,6,N,A,Y,A,H,A,C,2,W,17,F,,,Y,,A,Y,N,D,1,0,0,1,21662,1,38.6135553,-119.7610928,3
2013,2013/7/9,1400,7,2,14,2,N,A,Y,B,C,A,C,2,S,3,E,,,Y,,J,Y,N,D,1,0,0,1,22350,1,38.6795373,-119.744268,3
2013,2013/7/14,1520,7,2,15,7,N,A,Y,A,H,A,C,2,E,1,F,,,Y,,A,N,N,D,1,0,0,1,23152,1,38.481725,-119.9933288,3
2013,2013/7/26,1715,7,2,17,5,N,A,Y,A,B,A,C,3,E,3,F,,,Y,,A,N,N,D,1,0,0,1,22350,1,38.536086,-119.9028983,2
2013,2013/9/5,1740,9,3,17,4,N,A,Y,A,H,A,A,1,N,8,H,,,,,A,N,N,D,1,0,0,0,22107,1,38.7807937,-119.9193165,4
2013,2013/8/13,930,8,2,9,2,N,A,Y,A,H,A,C,2,S,17,E,,,Y,,I,Y,N,D,1,0,0,1,21662,1,38.6553153,-119.674326,3
2013,2013/8/17,1415,8,2,14,6,N,A,N,A,H,A,A,7,E,3,E,,,,,J,Y,N,D,1,0,0,0,22350,1,,,3
2013,2013/8/20,1300,8,2,13,2,N,A,Y,A,H,A,M,47,E,6,B,,Y,,,G,N,F,D,1,0,1,0,21750,2,38.7763589,-119.8823651,2
2013,2013/9/27,1245,9,3,12,5,N,A,Y,A,H,A,C,2,W,17,F,,,Y,,I,Y,N,D,1,0,0,1,21662,1,38.5957407,-119.7829644,2
2013,2013/10/20,1615,10,3,16,7,N,A,Y,A,H,A,C,2,E,17,F,,,Y,,I,Y,N,D,1,0,0,1,21662,1,38.7003679,-120.0207112,3
2014,2014/10/2,1420,10,3,14,4,N,A,Y,A,H,A,C,2,E,3,F,,,Y,,A,Y,N,D,1,0,0,1,22350,1,38.70360342,-120.0647085,1
2015,2015/2/22,1655,2,4,16,7,N,A,Y,A,H,A,A,1,E,5,A,,,,,C,Y,N,D,2,0,0,0,21460,2,38.77366494,-119.8764199,1
2013,2013/11/29,1105,11,3,11,5,N,A,Y,A,H,A,D,22,W,1,E,,,,,I,Y,N,D,1,0,0,0,23152,1,38.7645945,-119.8502773,3
2013,2013/11/29,855,11,3,8,5,N,A,Y,C,H,A,D,22,W,3,E,,,,,I,Y,N,D,3,0,0,0,22350,1,38.6942416,-119.998691,4
2013,2013/12/3,1635,12,4,16,2,N,B,Y,C,H,B,A,7,W,4,D,,,,,C,N,N,D,2,0,0,0,21703,2,38.7638186,-119.8564046,4
2013,2013/12/7,2154,12,4,21,6,N,D,Y,C,G,D,A,7,W,3,F,,,,,A,Y,N,A,5,0,0,0,22350,1,38.7004752,-120.0214222,2
2013,2013/12/22,800,12,4,8,7,N,A,Y,C,H,A,A,7,E,8,E,,,,,I,Y,N,D,1,0,0,0,22107,1,38.7044978,-120.0388367,4
2014,2014/1/13,630,1,4,6,1,N,A,Y,C,H,D,G,26,E,3,E,,,,Y,I,Y,N,D,1,0,0,0,22350,1,38.70243131,-119.9668197,3
2013,2013/10/31,1130,10,3,11,4,N,A,Y,C,H,A,A,1,,3,E,,,,,I,Y,N,A,1,0,0,0,22350,1,38.7034944,-120.0695068,4
2013,2013/11/22,1300,11,3,13,5,N,A,Y,C,H,A,A,7,W,3,E,,,,,I,Y,N,D,2,0,0,0,22350,1,38.7002904,-120.0225254,4
2014,2014/4/30,1600,4,1,16,3,N,B,Y,A,H,A,D,22,S,8,E,,,,,I,Y,N,D,1,0,0,0,22107,1,38.71688634,-119.7938902,3
2014,2014/4/14,1426,4,1,14,1,N,A,Y,A,H,A,D,22,E,8,E,,,,,I,Y,N,D,1,0,0,0,22107,1,38.82275515,-119.7791329,3
2014,2014/4/15,15,4,1,0,2,N,A,Y,A,H,D,A,1,E,1,E,,,,,J,Y,N,D,1,0,0,0,23152,1,38.70394069,-119.9763479,3
2014,2014/6/2,1900,6,2,19,1,N,A,Y,A,H,A,A,1,E,9,D,,,Y,,C,Y,N,D,1,0,0,1,21801,2,38.75391232,-119.9426023,2
2014,2014/5/25,1440,5,1,14,7,N,A,Y,A,H,A,C,2,W,5,F,,,Y,,A,Y,N,D,1,0,0,1,21460,2,38.61850124,-119.7484864,3
2014,2014/6/25,820,6,2,8,3,N,A,Y,A,D,A,C,2,E,3,C,,,Y,,C,N,N,A,1,0,0,1,22350,2,38.69711775,-120.0094231,3
2014,2014/7/14,1430,7,2,14,1,N,B,Y,A,H,A,A,7,W,8,E,,,,,I,Y,N,D,1,0,0,0,22107,1,38.77343602,-119.829593,3
2014,2014/7/29,1850,7,2,18,2,N,B,Y,B,H,A,D,22,S,8,E,,,,,I,Y,N,D,1,0,0,0,22107,1,38.70640337,-119.7904811,2
2014,2014/8/11,1700,8,2,17,1,N,A,Y,A,H,A,A,1,E,3,F,,,,,A,Y,N,D,1,0,0,0,22350,1,38.60090123,-119.7754636,3
2014,2014/8/25,825,8,2,8,1,N,A,Y,A,H,A,A,7,S,8,F,,,,,A,Y,N,A,1,0,0,0,22107,1,38.79008572,-119.9347926,3
2014,2014/8/22,2035,8,2,20,5,N,A,N,A,H,D,-,- ,W,18,H,,,,,H,Y,N,D,1,0,0,0,,1,38.80068284,-119.7866955,3
2014,2014/9/5,1707,9,3,17,5,N,A,Y,A,H,A,C,2,W,17,E,,,Y,,I,N,N,D,1,0,0,1,21662,1,38.58921699,-119.791891,4
2014,2014/9/13,1150,9,3,11,6,Y,A,Y,A,H,A,C,2,,3,C,,,Y,,C,N,N,D,2,0,0,2,22350,3,38.75128647,-119.9419751,4
2014,2014/9/13,1740,9,3,17,6,N,A,Y,A,H,A,A,1,W,1,E,,,,,I,Y,N,D,1,0,0,0,23152,1,38.53684215,-119.9017196,2
2014,2014/9/4,1717,9,3,17,4,Y,A,N,A,H,A,A,7,,9,D,,,Y,,C,N,N,A,1,0,0,1,21802,2,38.8198,-119.78318,3
2014,2014/10/12,1245,10,3,12,7,N,A,Y,A,H,A,C,2,S,17,F,,,Y,,A,N,N,D,1,0,0,1,21662,1,38.66479379,-119.6674808,4
2014,2014/10/20,1700,10,3,17,1,N,A,Y,A,H,A,A,7,W,8,F,,,,,A,Y,N,D,1,0,0,0,22107,1,38.66052,-119.72646,4
2014,2014/11/9,1250,11,3,12,7,N,A,Y,A,H,A,M,47,N,8,E,,,Y,,I,Y,N,D,2,0,0,2,22107,2,38.66434931,-119.7267282,3
2014,2014/10/26,1225,10,3,12,7,N,A,Y,C,H,A,A,8,E,17,F,,,,,A,Y,N,A,1,0,0,0,21662,1,,,4
2014,2014/12/1,935,12,4,9,1,N,B,Y,C,H,A,A,7,E,17,F,,,,,A,Y,N,D,1,0,0,0,21662,1,38.77715324,-119.883676,4
2014,2014/11/30,1330,11,3,13,7,N,D,Y,C,G,A,A,7,N,3,E,,,,,I,Y,N,A,2,0,0,0,22350,1,38.48478434,-120.019961,3
2015,2015/4/19,1250,4,1,12,7,N,A,Y,A,H,A,A,1,W,8,E,,,,,I,Y,N,D,1,0,0,0,22107,1,38.76689949,-119.8695966,4
2015,2015/4/18,1405,4,1,14,6,N,A,Y,A,H,A,C,2,W,3,F,,,Y,,I,N,N,A,1,0,0,1,22350,1,38.65551264,-119.7241381,3
2015,2015/1/1,340,1,4,3,4,N,A,Y,A,H,D,D,22,N,1,E,,,,,I,Y,N,D,1,0,0,0,23152,1,38.79356585,-119.9264542,3
2014,2014/12/16,915,12,4,9,2,N,B,Y,C,G,A,A,1,E,3,C,,,,,C,Y,N,A,1,0,0,0,22350,2,38.6993671,-120.0277494,4
2015,2015/1/17,1215,1,4,12,6,Y,A,Y,A,H,A,A,8,,9,D,,,,,C,Y,N,A,1,0,0,0,21802,3,38.77636948,-119.9189294,4
2015,2015/2/8,750,2,4,7,7,N,A,Y,C,H,A,A,1,W,3,E,,,,,I,Y,N,D,1,0,0,0,22350,1,38.77590922,-119.8959859,4
2015,2015/2/2,2130,2,4,21,1,N,A,Y,A,H,D,A,1,W,17,E,,,,,I,Y,N,D,1,0,0,0,21662,1,38.69509569,-119.9995831,4
2014,2014/12/30,1800,12,4,18,2,N,B,Y,C,G,D,A,7,E,8,F,,,,,A,Y,N,A,1,0,0,0,22107,1,38.69955649,-120.01686,4
2015,2015/3/6,815,3,1,8,5,N,A,Y,A,H,A,E,22,W,8,E,,,,,J,Y,N,D,1,0,0,0,22107,1,38.69848499,-120.0123668,2
2015,2015/3/6,1850,3,1,18,5,N,A,Y,A,H,D,A,1,W,1,F,,,,,I,Y,N,D,1,0,0,0,23152,1,38.77643674,-119.8824457,3
2015,2015/3/8,1710,3,1,17,7,N,A,Y,A,H,A,D,22,E,3,E,,,,,I,Y,N,D,1,0,0,0,22350,2,38.69729289,-120.0039867,3
2015,2015/4/19,500,4,1,5,7,N,A,Y,A,H,D,A,1,E,8,E,,,,,I,Y,N,D,1,0,0,0,22107,1,38.51410259,-119.932573,4
2015,2015/5/3,1300,5,1,13,7,N,A,Y,A,H,A,C,2,W,8,F,,,Y,,A,Y,N,D,1,0,0,1,22107,1,38.65551264,-119.7241381,3
2015,2015/6/12,1210,6,2,12,5,N,A,Y,A,H,A,C,2,S,3,F,,,Y,,A,Y,N,D,1,0,0,1,22350,1,38.67160789,-119.6627209,2
2015,2015/6/16,1745,6,2,17,2,N,A,N,A,H,A,L,4,S,8,F,,Y,,,A,N,N,D,0,0,0,0,22107,1,38.75116,-119.94196,1
2015,2015/7/18,1116,7,2,11,6,N,B,Y,A,H,A,L,4,E,3,F,,Y,,,A,N,N,D,1,0,1,0,22350,1,38.55658802,-119.8074029,3
2015,2015/7/18,1655,7,2,16,6,N,A,Y,A,H,A,C,2,E,3,E,,,Y,,I,Y,N,D,1,0,0,1,22350,1,38.70640758,-120.0418081,2
2015,2015/9/1,300,9,3,3,2,N,A,Y,A,H,D,-,- ,E,18,E,,,Y,,H,Y,N,D,1,0,0,1,,1,38.69858219,-120.0133588,3
2015,2015/9/4,830,9,3,8,5,N,A,Y,A,H,A,A,7,S,8,F,,,,,J,Y,N,D,1,0,0,0,22107,1,,,3
2015,2015/9/13,2110,9,3,21,7,N,B,Y,B,H,D,A,1,W,1,E,,,,,I,Y,M,D,1,0,0,0,23152,1,38.48254005,-120.0194311,3
2015,2015/9/7,750,9,3,7,1,N,A,Y,A,H,A,D,22,E,8,F,,,,,A,Y,N,D,1,0,0,0,22107,1,38.74948699,-119.9418499,4
2015,2015/10/10,1745,10,3,17,6,N,A,N,A,H,A,C,2,W,3,F,,,Y,,A,Y,N,A,1,0,0,1,22350,1,38.81978856,-119.7832486,2
2015,2015/10/3,2050,10,3,20,6,N,B,Y,A,H,D,C,2,N,3,E,,,Y,,J,Y,N,D,2,0,0,2,22350,1,,,3
2015,2015/11/10,1020,11,3,10,2,N,B,Y,C,G,A,A,7,W,3,E,,,,,J,Y,N,A,1,0,0,0,22350,1,38.77763637,-119.8853771,4
2015,2015/11/28,630,11,3,6,6,N,A,Y,C,H,B,A,1,W,17,E,,,,,I,Y,N,D,1,0,0,0,21662,1,,,4
2015,2015/12/9,1715,12,4,17,3,N,A,N,A,H,D,-,- ,W,18,H,,,,,H,N,N,D,1,0,0,0,,1,38.77277708,-119.7733176,4
2015,2015/12/10,530,12,4,5,4,N,B,Y,C,H,D,D,22,S,0,E,,,,,I,Y,N,D,1,0,0,0,22250,1,38.78863938,-119.9376746,4
2016,2016/1/14,1135,1,4,11,4,N,B,Y,B,B,A,A,1,W,8,F,,,,,A,Y,N,D,1,0,0,0,22107,1,38.77745522,-119.8842029,4
2016,2016/2/6,916,2,4,9,6,N,A,Y,C,H,A,A,7,E,17,C,,,,,C,Y,N,D,1,0,0,0,21662,5,38.70354298,-120.0678308,3
2016,2016/4/4,940,4,1,9,1,N,A,Y,A,H,A,A,7,W,8,E,,,,,I,Y,N,D,1,0,0,0,22107,1,,,3
2016,2016/5/15,1520,5,1,15,7,N,A,Y,A,H,A,D,22,E,1,E,,,,,J,Y,N,D,1,0,0,0,23153,1,,,3
2016,2016/5/31,1725,5,1,17,2,N,A,N,A,H,A,A,1,S,1,F,,,,,A,Y,N,D,2,0,0,0,23152,1,38.817355,-119.7820257,3
2016,2016/5/25,1150,5,1,11,3,N,C,Y,C,G,A,-,- ,W,18,E,,,,,I,Y,N,D,1,0,0,0,,1,38.70180318,-119.9668267,3
2016,2016/5/30,1520,5,1,15,1,N,A,Y,A,H,A,A,1,W,3,E,,,,,I,N,N,D,1,0,0,0,22350,1,,,4
2016,2016/6/10,1700,6,2,17,5,N,A,Y,A,H,A,A,1,W,3,E,,,,,I,Y,N,D,1,0,0,0,22350,1,38.61342207,-119.7604593,4
2016,2016/6/13,1430,6,2,14,1,N,A,Y,A,H,A,C,2,W,8,E,,,Y,,I,Y,N,D,1,0,0,1,22107,1,,,3
2016,2016/7/3,1645,7,2,16,7,N,A,N,A,H,A,A,1,S,8,E,,,,,I,Y,N,D,1,0,0,0,22107,1,38.75116,-119.94196,2
2016,2016/6/29,1330,6,2,13,3,N,A,Y,A,H,A,A,1,E,8,F,,,,,A,Y,N,D,2,0,0,0,22107,1,38.4618593,-120.0357812,2
2016,2016/6/28,930,6,2,9,2,N,A,N,A,H,A,C,2,N,3,H,,,Y,,H,Y,N,D,1,0,0,1,22350,1,38.83651081,-119.7946561,3
2016,2016/7/17,1700,7,2,17,7,N,A,Y,A,D,A,A,7,E,8,F,,,,,I,Y,N,D,1,0,0,0,22107,1,38.7775083,-119.8858582,3
2016,2016/5/29,1230,5,1,12,7,Y,A,Y,A,H,A,E,22,,9,D,,,,,C,Y,N,D,3,0,0,0,21801,2,38.70180318,-119.9668267,1
2016,2016/8/19,1030,8,2,10,5,N,A,Y,A,H,A,C,2,E,8,E,,,Y,,I,Y,N,D,1,0,0,1,22107,1,38.70875854,-120.0484229,4
2016,2016/8/7,1340,8,2,13,7,N,A,Y,A,H,A,C,2,E,8,F,,,Y,,A,N,N,D,2,0,0,2,22107,1,38.54321215,-119.88299,3
2016,2016/8/21,1835,8,2,18,7,N,B,Y,A,H,A,G,25,E,8,F,,,,Y,J,Y,N,D,1,0,0,0,22107,1,38.70363072,-120.0691067,4